[{"id":1122738911,"node_id":"R_kgDOQuui3w","name":"evidenceframe","full_name":"Ravichnadran/evidenceframe","private":false,"owner":{"login":"Ravichnadran","id":104721454,"node_id":"U_kgDOBj3sLg","avatar_url":"https://avatars.githubusercontent.com/u/104721454?v=4","gravatar_id":"","url":"https://api.github.com/users/Ravichnadran","html_url":"https://github.com/Ravichnadran","followers_url":"https://api.github.com/users/Ravichnadran/followers","following_url":"https://api.github.com/users/Ravichnadran/following{/other_user}","gists_url":"https://api.github.com/users/Ravichnadran/gists{/gist_id}","starred_url":"https://api.github.com/users/Ravichnadran/starred{/owner}{/repo}","subscriptions_url":"https://api.github.com/users/Ravichnadran/subscriptions","organizations_url":"https://api.github.com/users/Ravichnadran/orgs","repos_url":"https://api.github.com/users/Ravichnadran/repos","events_url":"https://api.github.com/users/Ravichnadran/events{/privacy}","received_events_url":"https://api.github.com/users/Ravichnadran/received_events","type":"User","user_view_type":"public","site_admin":false},"html_url":"https://github.com/Ravichnadran/evidenceframe","description":"Read-only CLI tool for collecting GitHub audit evidence (ISO 27001 / SOC2)","fork":false,"url":"https://api.github.com/repos/Ravichnadran/evidenceframe","forks_url":"https://api.github.com/repos/Ravichnadran/evidenceframe/forks","keys_url":"https://api.github.com/repos/Ravichnadran/evidenceframe/keys{/key_id}","collaborators_url":"https://api.github.com/repos/Ravichnadran/evidenceframe/collaborators{/collaborator}","teams_url":"https://api.github.com/repos/Ravichnadran/evidenceframe/teams","hooks_url":"https://api.github.com/repos/Ravichnadran/evidenceframe/hooks","issue_events_url":"https://api.github.com/repos/Ravichnadran/evidenceframe/issues/events{/number}","events_url":"https://api.github.com/repos/Ravichnadran/evidenceframe/events","assignees_url":"https://api.github.com/repos/Ravichnadran/evidenceframe/assignees{/user}","branches_url":"https://api.github.com/repos/Ravichnadran/evidenceframe/branches{/branch}","tags_url":"https://api.github.com/repos/Ravichnadran/evidenceframe/tags","blobs_url":"https://api.github.com/repos/Ravichnadran/evidenceframe/git/blobs{/sha}","git_tags_url":"https://api.github.com/repos/Ravichnadran/evidenceframe/git/tags{/sha}","git_refs_url":"https://api.github.com/repos/Ravichnadran/evidenceframe/git/refs{/sha}","trees_url":"https://api.github.com/repos/Ravichnadran/evidenceframe/git/trees{/sha}","statuses_url":"https://api.github.com/repos/Ravichnadran/evidenceframe/statuses/{sha}","languages_url":"https://api.github.com/repos/Ravichnadran/evidenceframe/languages","stargazers_url":"https://api.github.com/repos/Ravichnadran/evidenceframe/stargazers","contributors_url":"https://api.github.com/repos/Ravichnadran/evidenceframe/contributors","subscribers_url":"https://api.github.com/repos/Ravichnadran/evidenceframe/subscribers","subscription_url":"https://api.github.com/repos/Ravichnadran/evidenceframe/subscription","commits_url":"https://api.github.com/repos/Ravichnadran/evidenceframe/commits{/sha}","git_commits_url":"https://api.github.com/repos/Ravichnadran/evidenceframe/git/commits{/sha}","comments_url":"https://api.github.com/repos/Ravichnadran/evidenceframe/comments{/number}","issue_comment_url":"https://api.github.com/repos/Ravichnadran/evidenceframe/issues/comments{/number}","contents_url":"https://api.github.com/repos/Ravichnadran/evidenceframe/contents/{+path}","compare_url":"https://api.github.com/repos/Ravichnadran/evidenceframe/compare/{base}...{head}","merges_url":"https://api.github.com/repos/Ravichnadran/evidenceframe/merges","archive_url":"https://api.github.com/repos/Ravichnadran/evidenceframe/{archive_format}{/ref}","downloads_url":"https://api.github.com/repos/Ravichnadran/evidenceframe/downloads","issues_url":"https://api.github.com/repos/Ravichnadran/evidenceframe/issues{/number}","pulls_url":"https://api.github.com/repos/Ravichnadran/evidenceframe/pulls{/number}","milestones_url":"https://api.github.com/repos/Ravichnadran/evidenceframe/milestones{/number}","notifications_url":"https://api.github.com/repos/Ravichnadran/evidenceframe/notifications{?since,all,participating}","labels_url":"https://api.github.com/repos/Ravichnadran/evidenceframe/labels{/name}","releases_url":"https://api.github.com/repos/Ravichnadran/evidenceframe/releases{/id}","deployments_url":"https://api.github.com/repos/Ravichnadran/evidenceframe/deployments","created_at":"2025-12-25T11:57:29Z","updated_at":"2025-12-25T12:03:39Z","pushed_at":"2025-12-25T12:03:48Z","git_url":"git://github.com/Ravichnadran/evidenceframe.git","ssh_url":"git@github.com:Ravichnadran/evidenceframe.git","clone_url":"https://github.com/Ravichnadran/evidenceframe.git","svn_url":"https://github.com/Ravichnadran/evidenceframe","homepage":null,"size":70,"stargazers_count":0,"watchers_count":0,"language":"Java","has_issues":true,"has_projects":true,"has_downloads":true,"has_wiki":true,"has_pages":false,"has_discussions":false,"forks_count":0,"mirror_url":null,"archived":false,"disabled":false,"open_issues_count":0,"license":{"key":"other","name":"Other","spdx_id":"NOASSERTION","url":null,"node_id":"MDc6TGljZW5zZTA="},"allow_forking":true,"is_template":false,"web_commit_signoff_required":false,"topics":[],"visibility":"public","forks":0,"open_issues":0,"watchers":0,"default_branch":"main","permissions":{"admin":true,"maintain":true,"push":true,"triage":true,"pull":true}},{"id":1120636406,"node_id":"R_kgDOQsuN9g","name":"proofix-backend","full_name":"Ravichnadran/proofix-backend","private":false,"owner":{"login":"Ravichnadran","id":104721454,"node_id":"U_kgDOBj3sLg","avatar_url":"https://avatars.githubusercontent.com/u/104721454?v=4","gravatar_id":"","url":"https://api.github.com/users/Ravichnadran","html_url":"https://github.com/Ravichnadran","followers_url":"https://api.github.com/users/Ravichnadran/followers","following_url":"https://api.github.com/users/Ravichnadran/following{/other_user}","gists_url":"https://api.github.com/users/Ravichnadran/gists{/gist_id}","starred_url":"https://api.github.com/users/Ravichnadran/starred{/owner}{/repo}","subscriptions_url":"https://api.github.com/users/Ravichnadran/subscriptions","organizations_url":"https://api.github.com/users/Ravichnadran/orgs","repos_url":"https://api.github.com/users/Ravichnadran/repos","events_url":"https://api.github.com/users/Ravichnadran/events{/privacy}","received_events_url":"https://api.github.com/users/Ravichnadran/received_events","type":"User","user_view_type":"public","site_admin":false},"html_url":"https://github.com/Ravichnadran/proofix-backend","description":"Proofix verification backend","fork":false,"url":"https://api.github.com/repos/Ravichnadran/proofix-backend","forks_url":"https://api.github.com/repos/Ravichnadran/proofix-backend/forks","keys_url":"https://api.github.com/repos/Ravichnadran/proofix-backend/keys{/key_id}","collaborators_url":"https://api.github.com/repos/Ravichnadran/proofix-backend/collaborators{/collaborator}","teams_url":"https://api.github.com/repos/Ravichnadran/proofix-backend/teams","hooks_url":"https://api.github.com/repos/Ravichnadran/proofix-backend/hooks","issue_events_url":"https://api.github.com/repos/Ravichnadran/proofix-backend/issues/events{/number}","events_url":"https://api.github.com/repos/Ravichnadran/proofix-backend/events","assignees_url":"https://api.github.com/repos/Ravichnadran/proofix-backend/assignees{/user}","branches_url":"https://api.github.com/repos/Ravichnadran/proofix-backend/branches{/branch}","tags_url":"https://api.github.com/repos/Ravichnadran/proofix-backend/tags","blobs_url":"https://api.github.com/repos/Ravichnadran/proofix-backend/git/blobs{/sha}","git_tags_url":"https://api.github.com/repos/Ravichnadran/proofix-backend/git/tags{/sha}","git_refs_url":"https://api.github.com/repos/Ravichnadran/proofix-backend/git/refs{/sha}","trees_url":"https://api.github.com/repos/Ravichnadran/proofix-backend/git/trees{/sha}","statuses_url":"https://api.github.com/repos/Ravichnadran/proofix-backend/statuses/{sha}","languages_url":"https://api.github.com/repos/Ravichnadran/proofix-backend/languages","stargazers_url":"https://api.github.com/repos/Ravichnadran/proofix-backend/stargazers","contributors_url":"https://api.github.com/repos/Ravichnadran/proofix-backend/contributors","subscribers_url":"https://api.github.com/repos/Ravichnadran/proofix-backend/subscribers","subscription_url":"https://api.github.com/repos/Ravichnadran/proofix-backend/subscription","commits_url":"https://api.github.com/repos/Ravichnadran/proofix-backend/commits{/sha}","git_commits_url":"https://api.github.com/repos/Ravichnadran/proofix-backend/git/commits{/sha}","comments_url":"https://api.github.com/repos/Ravichnadran/proofix-backend/comments{/number}","issue_comment_url":"https://api.github.com/repos/Ravichnadran/proofix-backend/issues/comments{/number}","contents_url":"https://api.github.com/repos/Ravichnadran/proofix-backend/contents/{+path}","compare_url":"https://api.github.com/repos/Ravichnadran/proofix-backend/compare/{base}...{head}","merges_url":"https://api.github.com/repos/Ravichnadran/proofix-backend/merges","archive_url":"https://api.github.com/repos/Ravichnadran/proofix-backend/{archive_format}{/ref}","downloads_url":"https://api.github.com/repos/Ravichnadran/proofix-backend/downloads","issues_url":"https://api.github.com/repos/Ravichnadran/proofix-backend/issues{/number}","pulls_url":"https://api.github.com/repos/Ravichnadran/proofix-backend/pulls{/number}","milestones_url":"https://api.github.com/repos/Ravichnadran/proofix-backend/milestones{/number}","notifications_url":"https://api.github.com/repos/Ravichnadran/proofix-backend/notifications{?since,all,participating}","labels_url":"https://api.github.com/repos/Ravichnadran/proofix-backend/labels{/name}","releases_url":"https://api.github.com/repos/Ravichnadran/proofix-backend/releases{/id}","deployments_url":"https://api.github.com/repos/Ravichnadran/proofix-backend/deployments","created_at":"2025-12-21T16:25:05Z","updated_at":"2025-12-21T16:39:50Z","pushed_at":"2025-12-21T16:39:46Z","git_url":"git://github.com/Ravichnadran/proofix-backend.git","ssh_url":"git@github.com:Ravichnadran/proofix-backend.git","clone_url":"https://github.com/Ravichnadran/proofix-backend.git","svn_url":"https://github.com/Ravichnadran/proofix-backend","homepage":null,"size":15,"stargazers_count":0,"watchers_count":0,"language":"JavaScript","has_issues":true,"has_projects":true,"has_downloads":true,"has_wiki":true,"has_pages":false,"has_discussions":false,"forks_count":0,"mirror_url":null,"archived":false,"disabled":false,"open_issues_count":0,"license":null,"allow_forking":true,"is_template":false,"web_commit_signoff_required":false,"topics":[],"visibility":"public","forks":0,"open_issues":0,"watchers":0,"default_branch":"main","permissions":{"admin":true,"maintain":true,"push":true,"triage":true,"pull":true}}]